Dates,RKOSPI,RLotte,RManho,RMeritz,RSamsung,RSamyoung,RF_M,RFGN_REV,RIPD,RCPI,RSP500,ROil,Rshanghai,KOSPI,Lotte,Manho,Meritz,Samsung,Samyoung,rf,FGN_REV,IPD,CPI,SP500,Oil,Shanghai
2006-08-31,,,,,,,,,,,,,,1352.74,13005.46,1654.36,139.24,24755.18,207.9,4.41,226618.548,72.4,80.8,1303.82,66.39,1658.638
2006-09-29,1.371 ,0.234 ,-1.987 ,1.617 ,2.131 ,8.246 ,0.373 ,0.528 ,2.051 ,0.284 ,2.427 ,-12.669 ,5.500 ,1371.41,13035.94,1621.81,141.51,25288.37,225.77,4.47,227819.163,73.9,81.03,1335.85,58.49,1752.424
2006-10-31,-0.501 ,-7.693 ,6.069 ,-1.912 ,-8.319 ,-1.365 ,0.373 ,0.345 ,3.196 ,-0.482 ,3.102 ,-5.826 ,4.767 ,1364.55,12070.69,1723.29,138.83,23269.87,222.71,4.48,228605.627,76.3,80.64,1377.94,55.18,1837.993
2006-11-30,4.839 ,-3.687 ,20.972 ,24.369 ,4.324 ,-4.219 ,0.373 ,2.199 ,-1.187 ,-0.485 ,1.633 ,16.517 ,13.292 ,1432.21,11633.79,2125.39,177.14,24298.16,213.51,4.47,233687.776,75.4,80.25,1400.63,65.09,2099.289
2006-12-29,0.157 ,20.277 ,-14.206 ,3.205 ,-3.184 ,-5.656 ,0.374 ,1.991 ,-3.784 ,0.286 ,1.254 ,-10.657 ,24.253 ,1434.46,14248.96,1843.92,182.91,23536.78,201.77,4.49,238387.872,72.6,80.48,1418.3,58.51,2675.474
2007-01-31,-5.313 ,-2.312 ,2.765 ,-19.317 ,-5.706 ,-7.085 ,0.386 ,0.553 ,0.686 ,0.199 ,1.396 ,-2.055 ,4.060 ,1360.23,13923.27,1895.62,150.78,22231.31,187.97,4.63,239709.073,73.1,80.64,1438.24,57.32,2786.335
2007-02-28,4.113 ,-6.337 ,-0.608 ,10.862 ,-2.094 ,6.832 ,0.383 ,1.069 ,1.628 ,0.680 ,-2.209 ,3.041 ,3.344 ,1417.34,13068.34,1884.13,168.08,21770.56,201.26,4.59,242284.509,74.3,81.19,1406.82,59.09,2881.073
2007-03-30,2.454 ,-6.683 ,17.313 ,-1.119 ,-0.708 ,-3.093 ,0.383 ,0.453 ,-1.083 ,0.577 ,0.993 ,15.533 ,9.997 ,1452.55,12223.57,2240.28,166.21,21616.98,195.13,4.59,243385.578,73.5,81.66,1420.86,69.02,3183.983
2007-04-30,5.992 ,0.333 ,14.162 ,16.894 ,1.935 ,4.102 ,0.388 ,1.386 ,2.287 ,0.379 ,4.238 ,-2.538 ,18.767 ,1542.24,12264.29,2581.11,196.8,22039.33,203.3,4.66,246781.374,75.2,81.97,1482.37,67.29,3841.272
2007-05-31,9.793 ,-7.763 ,17.013 ,12.260 ,-7.036 ,30.140 ,0.384 ,1.401 ,0.927 ,0.098 ,3.203 ,2.263 ,6.753 ,1700.91,11348.28,3059.8,222.47,20541.89,274.81,4.61,250263.518,75.9,82.05,1530.62,68.83,4109.652
2007-06-29,2.479 ,6.426 ,-5.457 ,14.308 ,5.719 ,9.904 ,0.378 ,-0.016 ,-0.264 ,0.000 ,-1.798 ,6.251 ,-7.290 ,1743.6,12101.44,2897.31,256.69,21750.96,303.42,4.53,250223.42,75.7,82.05,1503.35,73.27,3820.703
2007-07-31,10.326 ,23.235 ,9.057 ,29.391 ,8.140 ,-20.068 ,0.388 ,1.653 ,0.920 ,0.389 ,-3.250 ,6.333 ,15.718 ,1933.27,15266.75,3171.96,344.39,23595.57,248.25,4.66,254394.044,76.4,82.37,1455.27,78.06,4471.031
2007-08-31,-3.154 ,-3.736 ,14.294 ,-13.264 ,-3.818 ,-17.248 ,0.408 ,0.181 ,3.220 ,0.085 ,1.278 ,-5.965 ,15.465 ,1873.24,14706.97,3659.36,301.61,22711.7,208.92,4.9,254854.592,78.9,82.44,1473.99,73.54,5218.824
2007-09-28,3.835 ,-3.450 ,6.546 ,-4.652 ,-2.745 ,0.972 ,0.414 ,0.779 ,-0.636 ,0.581 ,3.517 ,10.974 ,6.194 ,1946.48,14208.25,3906.92,287.9,22096.82,210.96,4.97,256848.265,78.4,82.92,1526.75,82.07,5552.301
2007-10-31,5.903 ,-9.459 ,8.536 ,-3.870 ,-4.445 ,-6.502 ,0.417 ,1.100 ,3.509 ,0.181 ,1.471 ,10.197 ,6.998 ,2064.85,12925.85,4255.06,276.97,21136.09,197.68,5,259689.586,81.2,83.07,1549.38,90.88,5954.762
2007-11-30,-8.005 ,-20.752 ,-40.319 ,-24.199 ,2.691 ,-9.197 ,0.417 ,0.684 ,0.123 ,0.000 ,-4.504 ,-1.743 ,-20.073 ,1906,10503.52,2843.16,217.44,21712.54,180.31,5,261471.939,81.3,83.07,1481.14,89.31,4871.777
2007-12-31,-0.466 ,1.877 ,-5.956 ,16.921 ,-0.299 ,-2.875 ,0.415 ,0.114 ,-0.617 ,0.384 ,-0.867 ,5.469 ,7.697 ,1897.13,10702.48,2678.76,257.53,21647.81,175.2,4.98,261770.734,80.8,83.39,1468.35,94.33,5261.563
2008-01-31,-15.503 ,4.017 ,-12.276 ,-20.909 ,6.779 ,-11.415 ,0.416 ,-0.134 ,1.718 ,0.467 ,-6.311 ,-2.251 ,-18.261 ,1624.68,11141.2,2369.3,208.94,23166.27,156.3,4.99,261421.271,82.2,83.78,1378.55,92.23,4383.391
2008-02-29,5.213 ,-7.312 ,18.232 ,0.696 ,-6.062 ,6.027 ,0.414 ,0.191 ,0.243 ,0.369 ,-3.538 ,9.725 ,-0.798 ,1711.62,10355.6,2843.16,210.4,21803.55,166.01,4.97,261919.949,82.4,84.09,1330.63,101.65,4348.543
2008-03-31,-0.447 ,-8.746 ,-15.813 ,-2.152 ,10.661 ,0.917 ,0.414 ,0.707 ,0.363 ,0.935 ,-0.598 ,0.764 ,-22.490 ,1703.99,9488.38,2427.32,205.92,24256.45,167.54,4.97,263778.314,82.7,84.88,1322.7,102.43,3472.713
2008-04-30,6.886 ,21.146 ,3.138 ,-1.873 ,13.213 ,-0.611 ,0.416 ,-1.435 ,1.082 ,0.552 ,4.645 ,7.647 ,6.153 ,1825.47,11722.74,2504.69,202.1,27682.72,166.52,4.99,260020.096,83.6,85.35,1385.59,110.57,3693.106
2008-05-30,1.444 ,-9.967 ,21.149 ,4.437 ,4.133 ,-3.751 ,0.413 ,-0.907 ,-0.962 ,0.817 ,1.062 ,14.247 ,-7.293 ,1852.02,10610.66,3094.59,211.27,28850.77,160.39,4.96,257672.177,82.8,86.05,1400.38,127.5,3433.354
2008-06-30,-10.051 ,-2.828 ,-16.654 ,0.599 ,-16.947 ,80.880 ,0.408 ,-0.034 ,-0.727 ,0.637 ,-8.988 ,7.950 ,-22.700 ,1674.92,10314.79,2619.84,212.54,24353.24,360.11,4.89,257584.214,82.2,86.6,1280,138.05,2736.103
2008-07-31,-4.910 ,-6.013 ,-1.897 ,-23.398 ,-10.270 ,-42.695 ,0.413 ,-4.191 ,-0.610 ,0.725 ,-0.991 ,-10.935 ,1.437 ,1594.67,9712.84,2570.6,168.2,21976.37,234.97,4.95,247011.423,81.7,87.23,1267.38,123.75,2775.717
2008-08-29,-7.852 ,2.387 ,-1.156 ,-19.147 ,-8.895 ,-20.431 ,0.433 ,-1.761 ,0.244 ,-0.184 ,1.212 ,-8.303 ,-14.654 ,1474.24,9947.5,2541.05,138.89,20106.04,191.55,5.2,242700.146,81.9,87.07,1282.83,113.89,2397.369
2008-09-30,-1.792 ,-10.252 ,-8.490 ,7.935 ,4.361 ,-20.664 ,0.432 ,-1.463 ,-0.858 ,0.092 ,-9.518 ,-19.279 ,-4.417 ,1448.06,8978.25,2334.22,150.36,21002.23,155.79,5.18,239175.849,81.2,87.15,1166.36,93.92,2293.784
2008-10-31,-26.311 ,-24.468 ,-40.167 ,-29.337 ,-0.745 ,-34.967 ,0.403 ,-12.164 ,-1.364 ,-0.092 ,-18.564 ,-44.145 ,-28.278 ,1113.06,7029.56,1562.06,112.13,20846.38,109.82,4.84,211782.682,80.1,87.07,968.75,60.4,1728.786
2008-11-28,-3.380 ,8.082 ,21.173 ,-1.139 ,-9.606 ,46.709 ,0.333 ,-5.832 ,-11.218 ,-0.265 ,-7.780 ,-22.833 ,7.914 ,1076.07,7621.31,1930.41,110.86,18937.08,175.2,4,199785.511,71.6,86.84,896.24,48.07,1871.156
2008-12-31,4.400 ,25.061 ,10.638 ,2.274 ,-6.379 ,-17.448 ,0.268 ,0.347 ,-11.065 ,0.000 ,0.779 ,-28.443 ,-2.728 ,1124.47,9791.91,2147.09,113.41,17766.84,147.15,3.21,200479.128,64.1,86.84,903.25,36.17,1820.805
2009-01-30,3.293 ,-9.531 ,12.489 ,2.765 ,7.885 ,5.815 ,0.200 ,0.269 ,2.008 ,0.092 ,-8.955 ,20.095 ,8.919 ,1162.11,8901.73,2432.71,116.59,19224.43,155.96,2.4,201019.851,65.4,86.92,825.88,44.22,1990.657
2009-02-27,-8.911 ,-14.045 ,1.207 ,-7.959 ,-2.280 ,8.290 ,0.165 ,-0.096 ,7.083 ,0.711 ,-11.646 ,0.766 ,4.527 ,1063.03,7735.3,2462.26,107.67,18791.09,169.44,1.98,200826.035,70.2,87.54,735.09,44.56,2082.852
2009-03-31,12.640 ,12.889 ,9.166 ,18.399 ,17.460 ,20.148 ,0.147 ,2.361 ,4.321 ,0.717 ,8.195 ,3.593 ,13.051 ,1206.26,8799.41,2698.63,129.42,22375.97,207.26,1.76,205624.409,73.3,88.17,797.87,46.19,2373.213
2009-04-30,12.682 ,-3.551 ,26.180 ,22.002 ,4.139 ,16.127 ,0.147 ,2.939 ,3.880 ,0.272 ,8.977 ,8.544 ,4.303 ,1369.36,8492.46,3506.25,161.27,23321.44,243.53,1.76,211758.382,76.2,88.41,872.81,50.31,2477.569
2009-05-29,1.919 ,-3.307 ,8.349 ,0.000 ,-5.915 ,-4.124 ,0.158 ,6.410 ,1.174 ,0.000 ,5.172 ,25.895 ,6.082 ,1395.89,8216.2,3811.57,161.27,21982.03,233.69,1.9,225776.925,77.1,88.41,919.14,65.18,2632.93
2009-06-30,-0.418 ,5.688 ,-1.391 ,-7.692 ,5.998 ,-7.839 ,0.161 ,2.172 ,4.067 ,-0.091 ,0.020 ,4.778 ,11.688 ,1390.07,8697.09,3758.92,149.33,23340.94,216.07,1.93,230733.885,80.3,88.33,919.32,68.37,2959.362
2009-07-31,11.359 ,-6.941 ,-3.794 ,11.327 ,20.128 ,-0.725 ,0.161 ,2.472 ,2.339 ,0.350 ,7.152 ,2.399 ,14.234 ,1557.29,8113.88,3618.96,167.24,28545.34,214.51,1.93,236508.472,82.2,88.64,987.48,70.03,3412.062
2009-08-31,2.195 ,-4.250 ,1.644 ,0.000 ,6.290 ,-0.970 ,0.165 ,1.846 ,0.969 ,0.360 ,3.301 ,-1.221 ,-24.608 ,1591.85,7776.23,3678.95,167.24,30398.42,212.44,1.98,240914.493,83,88.96,1020.62,69.18,2667.745
2009-09-30,4.981 ,5.752 ,-6.164 ,8.375 ,5.550 ,-6.551 ,0.164 ,3.465 ,3.667 ,0.079 ,3.510 ,-4.888 ,4.101 ,1673.14,8236.66,3459.01,181.85,32133.21,198.97,1.97,249409.304,86.1,89.03,1057.08,65.88,2779.426
2009-10-30,-5.684 ,0.866 ,2.568 ,-12.420 ,-11.978 ,-4.256 ,0.167 ,3.897 ,-1.758 ,-0.259 ,-1.996 ,13.112 ,7.498 ,1580.69,8308.29,3548.98,160.61,28505.91,190.68,2,259320.28,84.6,88.8,1036.19,75.11,2995.848
2009-11-30,-1.600 ,1.588 ,-19.194 ,-4.222 ,-0.416 ,-5.017 ,0.167 ,2.526 ,0.589 ,0.180 ,5.578 ,3.814 ,6.445 ,1555.6,8441.3,2929.16,153.97,28387.63,181.35,2,265954.732,85.1,88.96,1095.63,78.03,3195.301
2009-12-31,7.858 ,2.449 ,4.993 ,5.859 ,11.361 ,11.843 ,0.167 ,-0.283 ,1.516 ,0.348 ,1.761 ,0.294 ,2.529 ,1682.77,8650.55,3079.12,163.26,31802.97,204.15,2,265202.306,86.4,89.27,1115.1,78.26,3277.139
2010-01-29,-4.892 ,-1.795 ,-2.966 ,-2.055 ,-1.895 ,-9.429 ,0.167 ,1.391 ,0.231 ,0.781 ,-3.768 ,-8.755 ,-9.193 ,1602.43,8496.62,2989.14,159.94,31205.92,185.78,2,268917.449,86.6,89.97,1073.87,71.7,2989.292
2010-02-26,-0.491 ,-2.074 ,-2.712 ,-2.091 ,-5.237 ,-3.444 ,0.167 ,-1.141 ,2.621 ,0.211 ,2.811 ,6.767 ,2.074 ,1594.58,8322.18,2909.17,156.63,29613.79,179.49,2,265865.27,88.9,90.16,1104.49,76.72,3051.943
2010-03-31,5.980 ,6.446 ,21.000 ,0.000 ,9.482 ,2.024 ,0.168 ,0.638 ,1.119 ,0.199 ,5.713 ,4.036 ,1.856 ,1692.85,8876.3,3588.97,156.63,32559.24,183.16,2.01,267567.135,89.9,90.34,1169.43,79.88,3109.105
2010-04-30,2.837 ,-1.046 ,1.931 ,-6.121 ,3.720 ,9.816 ,0.167 ,2.428 ,1.764 ,0.398 ,1.465 ,7.777 ,-7.981 ,1741.56,8783.95,3658.95,147.33,33793.15,202.05,2,274143.774,91.5,90.7,1186.69,86.34,2870.611
2010-05-31,-5.932 ,-8.404 ,-7.369 ,-7.474 ,-8.991 ,-5.331 ,0.168 ,-3.168 ,1.195 ,0.099 ,-8.553 ,-16.852 ,-10.204 ,1641.25,8075.89,3399.03,136.72,30887.5,191.56,2.01,265595.927,92.6,90.79,1089.41,72.95,2592.147
2010-06-30,3.416 ,0.760 ,-1.179 ,-2.962 ,0.371 ,-3.631 ,0.167 ,1.579 ,0.431 ,-0.099 ,-5.539 ,3.436 ,-7.770 ,1698.29,8137.46,3359.19,132.73,31002.38,184.73,2,269823.186,93,90.7,1030.71,75.5,2398.37
2010-07-30,3.531 ,-1.269 ,-2.447 ,0.997 ,4.546 ,-4.354 ,0.183 ,4.210 ,0.536 ,0.198 ,6.652 ,4.341 ,9.504 ,1759.33,8034.85,3278,134.06,32444.35,176.86,2.2,281425.964,93.5,90.88,1101.6,78.85,2637.503
2010-08-31,-0.947 ,-4.975 ,-0.310 ,-4.041 ,-6.899 ,-8.999 ,0.190 ,-0.202 ,-0.214 ,0.505 ,-4.861 ,-3.471 ,0.049 ,1742.75,7644.91,3267.85,128.75,30281.39,161.64,2.28,280857.511,93.3,91.34,1049.33,76.16,2638.798
2010-09-30,7.198 ,3.301 ,3.058 ,1.534 ,2.740 ,5.066 ,0.189 ,1.518 ,0.854 ,0.796 ,8.393 ,6.013 ,0.637 ,1872.81,7901.45,3369.34,130.74,31122.55,170.04,2.27,285152.504,94.1,92.07,1141.2,80.88,2655.657
2010-10-29,0.540 ,0.130 ,4.419 ,2.014 ,-4.206 ,6.279 ,0.188 ,1.228 ,-0.854 ,0.000 ,3.619 ,2.189 ,11.484 ,1882.95,7911.71,3521.57,133.4,29840.79,181.06,2.26,288674.448,93.3,92.07,1183.26,82.67,2978.835
2010-11-30,1.145 ,7.012 ,-3.819 ,-7.331 ,10.321 ,-5.974 ,0.198 ,-1.047 ,0.960 ,-0.501 ,-0.229 ,4.644 ,-5.473 ,1904.63,8486.36,3389.63,123.97,33085.23,170.56,2.38,285668.556,94.2,91.61,1180.55,86.6,2820.181
2010-12-31,7.404 ,15.179 ,1.486 ,3.472 ,14.409 ,11.083 ,0.208 ,0.439 ,1.684 ,0.403 ,6.326 ,8.444 ,-0.430 ,2051,9877.38,3440.38,128.35,38213.09,190.55,2.5,286926.356,95.8,91.98,1257.64,94.23,2808.077
2011-01-31,0.909 ,-8.022 ,-3.299 ,8.237 ,3.316 ,0.550 ,0.221 ,1.420 ,2.168 ,1.178 ,2.239 ,4.604 ,-0.621 ,2069.73,9116,3328.74,139.37,39501.62,191.6,2.65,291028.707,97.9,93.07,1286.12,98.67,2790.694
2011-02-28,-6.509 ,3.657 ,-5.001 ,-1.920 ,-6.094 ,6.403 ,0.229 ,0.580 ,-2.692 ,0.685 ,3.146 ,13.135 ,4.016 ,1939.3,9455.54,3166.36,136.72,37166.15,204.27,2.75,292722.582,95.3,93.71,1327.22,112.52,2905.053
2011-03-31,8.280 ,15.586 ,4.082 ,1.495 ,0.970 ,15.526 ,0.244 ,0.313 ,2.385 ,0.383 ,-0.105 ,4.696 ,0.791 ,2106.7,11050.32,3298.3,138.78,37528.55,238.58,2.93,293641.562,97.6,94.07,1325.83,117.93,2928.111
2011-04-29,3.986 ,6.663 ,2.432 ,-7.184 ,-4.275 ,5.174 ,0.252 ,2.839 ,-0.926 ,0.096 ,2.810 ,7.951 ,-0.569 ,2192.36,11811.7,3379.49,129.16,35958.15,251.25,3.02,302098.558,96.7,94.16,1363.61,127.69,2911.511
2011-05-31,-2.302 ,0.867 ,2.080 ,-4.797 ,1.003 ,18.196 ,0.253 ,-0.854 ,1.233 ,0.202 ,-1.359 ,-7.571 ,-5.945 ,2142.47,11914.59,3450.53,123.11,36320.55,301.39,3.03,299530.652,97.9,94.35,1345.2,118.38,2743.472
2011-06-30,-1.969 ,13.094 ,1.477 ,5.852 ,-8.742 ,-3.385 ,0.267 ,-0.210 ,0.611 ,0.191 ,-1.843 ,-5.308 ,0.676 ,2100.69,13581.4,3501.87,130.53,33280.25,291.36,3.2,298902.963,98.5,94.53,1320.64,112.26,2762.076
2011-07-29,1.536 ,9.324 ,10.064 ,-3.318 ,2.156 ,-23.132 ,0.273 ,1.672 ,-0.203 ,0.475 ,-2.171 ,3.947 ,-2.209 ,2133.21,14908.68,3872.66,126.27,34005.48,231.19,3.27,303942.058,98.3,94.98,1292.28,116.78,2701.729
2011-08-31,-12.630 ,-13.186 ,-6.312 ,-10.785 ,-12.611 ,10.603 ,0.271 ,0.374 ,0.000 ,0.672 ,-5.847 ,0.980 ,-5.102 ,1880.11,13066.96,3635.77,113.36,29976.4,257.05,3.25,305079.571,98.3,95.62,1218.89,117.93,2567.34
2011-09-30,-6.055 ,-6.675 ,-12.668 ,-11.012 ,12.136 ,-28.834 ,0.272 ,-2.913 ,1.012 ,-0.094 ,-7.447 ,-9.056 ,-8.454 ,1769.65,12223.26,3203.18,101.54,33844.32,192.66,3.26,296321.672,99.3,95.53,1131.42,107.72,2359.22
2011-10-31,7.581 ,5.087 ,-2.276 ,-4.853 ,14.183 ,21.378 ,0.270 ,2.494 ,-0.303 ,-0.189 ,10.231 ,1.163 ,4.518 ,1909.03,12861.18,3131.09,96.73,39001.55,238.58,3.24,303804.804,99,95.35,1253.3,108.98,2468.25
2011-11-30,-3.276 ,9.966 ,-6.806 ,-3.172 ,3.652 ,19.621 ,0.272 ,-1.005 ,-1.322 ,0.094 ,-0.507 ,2.885 ,-5.618 ,1847.51,14209.03,2925.09,93.71,40452.02,290.3,3.26,300768.346,97.7,95.44,1246.96,112.17,2333.414
2011-12-30,-1.185 ,6.115 ,1.745 ,3.172 ,5.709 ,32.857 ,0.273 ,-0.847 ,-1.547 ,0.376 ,0.850 ,-2.693 ,-5.914 ,1825.74,15105.01,2976.59,96.73,42828.61,403.22,3.27,298232.927,96.2,95.8,1257.6,109.19,2199.417
2012-01-31,6.881 ,-13.891 ,0.345 ,14.889 ,4.527 ,2.467 ,0.272 ,1.620 ,2.363 ,0.396 ,4.266 ,1.698 ,4.150 ,1955.79,13146,2986.89,112.26,44812.17,413.29,3.26,303104.309,98.5,96.18,1312.41,111.06,2292.61
2012-02-29,3.736 ,-1.501 ,39.158 ,7.083 ,8.566 ,-9.403 ,0.272 ,1.432 ,2.209 ,0.384 ,3.979 ,10.884 ,5.758 ,2030.25,12950.1,4418.54,120.5,48819.76,376.2,3.26,307475.369,100.7,96.55,1365.68,123.83,2428.487
2012-03-30,-0.802 ,-3.237 ,-18.372 ,10.843 ,5.564 ,-16.167 ,0.271 ,0.033 ,-2.209 ,0.031 ,3.085 ,0.347 ,-7.067 ,2014.04,12537.68,3676.97,134.3,51612.93,320.04,3.25,307578.126,98.5,96.58,1408.47,124.26,2262.788
2012-04-30,-1.604 ,4.973 ,-14.764 ,-13.492 ,8.636 ,-28.328 ,0.271 ,0.282 ,1.311 ,-0.010 ,-0.753 ,-4.233 ,5.733 ,1981.99,13176.93,3172.28,117.35,56268.21,241.09,3.25,308446.159,99.8,96.57,1397.91,119.11,2396.316
2012-05-31,-7.245 ,5.703 ,-3.974 ,-7.639 ,-13.786 ,-5.653 ,0.272 ,-1.884 ,1.492 ,0.176 ,-6.470 ,-14.028 ,-1.010 ,1843.47,13950.23,3048.69,108.72,49022.16,227.84,3.26,302690.061,101.3,96.74,1310.33,103.52,2372.234
2012-06-29,0.570 ,8.089 ,7.671 ,11.729 ,-0.786 ,1.386 ,0.272 ,0.498 ,-1.994 ,-0.145 ,3.879 ,-9.201 ,-6.388 ,1854.01,15125.63,3291.76,122.25,48638.17,231.02,3.26,304200.221,99.3,96.6,1362.16,94.42,2225.431
2012-07-31,1.498 ,-11.548 ,-7.899 ,5.560 ,8.611 ,-0.691 ,0.258 ,0.383 ,-0.910 ,-0.218 ,1.252 ,12.217 ,-5.628 ,1881.99,13475.94,3041.75,129.24,53011.96,229.43,3.1,305367.829,98.4,96.39,1379.32,106.69,2103.634
2012-08-31,1.222 ,6.731 ,2.369 ,2.838 ,-5.981 ,5.396 ,0.250 ,0.704 ,-1.330 ,0.455 ,1.957 ,7.222 ,-2.704 ,1905.12,14414.2,3114.67,132.96,49934.11,242.15,3,307524.888,97.1,96.83,1406.58,114.68,2047.522
2012-09-28,4.671 ,-1.368 ,5.530 ,13.679 ,8.769 ,5.738 ,0.250 ,1.661 ,1.228 ,0.710 ,2.395 ,-2.534 ,1.870 ,1996.21,14218.3,3291.76,152.45,54510.39,256.45,3,312674.707,98.3,97.52,1440.67,111.81,2086.169
2012-10-31,-4.307 ,3.281 ,-7.216 ,24.149 ,-2.711 ,15.828 ,0.235 ,0.504 ,1.414 ,-0.185 ,-1.999 ,-0.953 ,-0.832 ,1912.06,14692.59,3062.59,194.09,53052.46,300.43,2.82,314254.696,99.7,97.34,1412.16,110.75,2068.88
2012-11-30,1.084 ,-0.351 ,-4.879 ,-4.306 ,7.072 ,-11.382 ,0.230 ,0.564 ,0.799 ,-0.350 ,0.284 ,0.935 ,-4.385 ,1932.9,14641.04,2916.75,185.91,56940.27,268.11,2.76,316030.658,100.5,97,1416.18,111.79,1980.117
2012-12-31,3.265 ,6.712 ,6.565 ,11.333 ,8.428 ,-3.828 ,0.229 ,0.274 ,0.000 ,0.175 ,0.704 ,-0.170 ,13.624 ,1997.05,15657.55,3114.67,208.22,61947.06,258.04,2.75,316897.731,100.5,97.17,1426.19,111.6,2269.128
2013-01-31,-1.774 ,-3.972 ,-4.445 ,-4.755 ,-4.984 ,6.173 ,0.230 ,0.621 ,0.099 ,0.595 ,4.920 ,4.836 ,4.998 ,1961.94,15047.79,2979.25,198.55,58935.18,274.47,2.76,318870.415,100.6,97.75,1498.11,117.13,2385.422
2013-02-28,3.237 ,-0.828 ,-0.702 ,4.395 ,6.419 ,-5.763 ,0.229 ,-0.768 ,-0.498 ,0.337 ,1.100 ,-3.272 ,-0.835 ,2026.49,14923.77,2958.42,207.47,62842.48,259.1,2.75,316429.576,100.1,98.08,1514.68,113.36,2365.593
2013-03-29,-1.072 ,2.934 ,13.177 ,6.904 ,-1.107 ,0.204 ,0.228 ,0.033 ,-1.815 ,-0.092 ,3.536 ,-3.364 ,-5.606 ,2004.89,15368.18,3375.1,222.3,62150.57,259.63,2.74,316534.552,98.3,97.99,1569.19,109.61,2236.621
2013-04-30,-2.063 ,14.498 ,-5.065 ,1.060 ,-0.459 ,12.636 ,0.229 ,0.430 ,1.113 ,-0.143 ,1.792 ,-6.521 ,-2.660 ,1963.95,17765.9,3208.42,224.67,61865.66,294.6,2.75,317897.005,99.4,97.85,1597.57,102.69,2177.912
2013-05-31,1.871 ,-12.963 ,8.104 ,10.009 ,1.177 ,-13.045 ,0.213 ,-0.163 ,0.402 ,0.000 ,2.055 ,-1.828 ,5.480 ,2001.05,15605.88,3479.27,248.32,62598.28,258.57,2.56,317380.247,99.8,97.85,1630.74,100.83,2300.595
2013-06-28,-7.131 ,-9.003 ,-9.083 ,-3.558 ,-13.595 ,-9.899 ,0.208 ,-0.562 ,-0.201 ,-0.123 ,-1.511 ,1.643 ,-15.047 ,1863.32,14262.33,3177.17,239.64,54641.26,234.2,2.49,315600.728,99.6,97.73,1606.28,102.5,1979.206
2013-07-31,2.685 ,6.522 ,2.937 ,1.310 ,-4.730 ,-1.367 ,0.206 ,1.037 ,-0.908 ,0.215 ,4.828 ,6.093 ,0.735 ,1914.03,15223.48,3271.86,242.8,52116.85,231.02,2.47,318890.987,98.7,97.94,1685.73,108.94,1993.798
2013-08-30,0.642 ,-5.656 ,-1.621 ,-11.696 ,6.649 ,-6.394 ,0.208 ,0.431 ,1.807 ,0.357 ,-3.180 ,7.921 ,5.113 ,1926.36,14386.35,3219.26,216,55699.88,216.71,2.5,320268.934,100.5,98.29,1632.97,117.92,2098.382
2013-09-30,3.599 ,19.812 ,2.581 ,11.696 ,-0.073 ,12.836 ,0.208 ,1.807 ,-1.403 ,0.193 ,2.932 ,-7.317 ,3.571 ,1996.96,17538.53,3303.42,242.8,55659.17,246.39,2.5,326108.224,99.1,98.48,1681.55,109.6,2174.665
2013-10-31,1.645 ,-7.461 ,-3.237 ,8.700 ,6.924 ,4.825 ,0.208 ,1.914 ,1.800 ,-0.305 ,4.363 ,-1.721 ,-1.531 ,2030.09,16277.66,3198.21,264.87,59649.36,258.57,2.5,332411.299,100.9,98.18,1756.54,107.73,2141.614
2013-11-29,0.725 ,-2.507 ,-1.993 ,6.064 ,1.960 ,-4.825 ,0.208 ,0.555 ,-0.896 ,-0.020 ,2.766 ,3.682 ,3.617 ,2044.87,15874.59,3135.09,281.43,60830.14,246.39,2.5,334262.159,100,98.16,1805.81,111.77,2220.504
2013-12-31,-1.653 ,-0.476 ,-1.012 ,1.928 ,-7.535 ,6.250 ,0.208 ,0.414 ,1.489 ,0.122 ,2.329 ,-1.143 ,-4.822 ,2011.34,15799.21,3103.53,286.91,56414.97,262.28,2.5,335647.45,101.5,98.28,1848.36,110.5,2115.978
2014-01-31,-3.552 ,6.043 ,-1.022 ,1.981 ,-6.941 ,13.630 ,0.208 ,0.577 ,0.000 ,0.538 ,-3.623 ,-0.946 ,-3.996 ,1941.15,16783.42,3071.97,292.65,52632.05,300.58,2.5,337588.725,101.5,98.81,1782.59,109.46,2033.083
2014-02-28,1.981 ,-6.372 ,5.982 ,2.491 ,5.250 ,5.006 ,0.208 ,1.006 ,-0.990 ,0.263 ,4.221 ,0.292 ,1.136 ,1979.99,15747.41,3261.34,300.03,55469.24,316.01,2.49,341001.159,100.5,99.07,1859.45,109.78,2056.302
2014-03-31,0.283 ,-1.859 ,4.108 ,21.984 ,-0.446 ,-4.125 ,0.207 ,0.763 ,0.892 ,0.182 ,0.691 ,-3.127 ,-1.125 ,1985.61,15457.32,3398.1,373.8,55222.53,303.24,2.48,343612.737,101.4,99.25,1872.34,106.4,2033.306
2014-04-30,-1.207 ,4.649 ,-0.933 ,-0.658 ,0.000 ,11.271 ,0.208 ,0.409 ,0.786 ,0.071 ,0.618 ,2.396 ,-0.342 ,1961.79,16192.89,3366.54,371.35,55222.53,339.42,2.49,345021.964,102.2,99.32,1883.95,108.98,2026.358
2014-05-30,1.677 ,1.713 ,-1.893 ,1.531 ,7.182 ,-8.331 ,0.208 ,1.485 ,-2.577 ,0.161 ,2.081 ,0.941 ,0.632 ,1994.96,16472.62,3303.42,377.08,59334.41,312.29,2.49,350184.986,99.6,99.48,1923.57,110.01,2039.212
2014-06-30,0.363 ,10.044 ,-1.936 ,-6.279 ,-8.720 ,-6.694 ,0.207 ,1.581 ,2.381 ,-0.131 ,1.888 ,0.968 ,0.446 ,2002.21,18213.12,3240.09,354.13,54379.77,292.07,2.48,355764.147,102,99.35,1960.23,111.08,2048.327
2014-07-31,3.625 ,5.263 ,7.270 ,30.830 ,1.576 ,-2.023 ,0.208 ,0.431 ,0.781 ,0.151 ,-1.519 ,-5.782 ,7.214 ,2076.12,19197.34,3484.43,482.01,55243.59,286.22,2.49,357302.467,102.8,99.5,1930.67,104.84,2201.562
2014-08-29,-0.366 ,10.687 ,10.139 ,14.978 ,-8.465 ,0.554 ,0.195 ,-0.111 ,-3.565 ,0.171 ,3.696 ,-3.712 ,0.708 ,2068.54,21362.61,3856.24,559.89,50759.93,287.81,2.34,356905.661,99.2,99.67,2003.37,101.02,2217.2
2014-09-30,-2.370 ,5.243 ,8.195 ,14.680 ,-4.136 ,-6.488 ,0.187 ,-0.826 ,0.201 ,-0.060 ,-1.564 ,-6.757 ,6.405 ,2020.09,22512.58,4185.56,648.42,48703.21,269.73,2.24,353970.03,99.4,99.61,1972.29,94.42,2363.87
2014-10-31,-2.794 ,-24.725 ,-1.793 ,9.404 ,4.943 ,-14.403 ,0.173 ,-0.171 ,-1.418 ,-0.302 ,2.294 ,-11.076 ,2.354 ,1964.43,17581.15,4111.2,712.36,51171.28,233.55,2.08,353363.934,98,99.31,2018.05,84.52,2420.178
2014-11-28,0.829 ,-3.417 ,-8.349 ,-6.293 ,3.398 ,2.030 ,0.165 ,-0.159 ,0.306 ,-0.202 ,2.424 ,-15.838 ,10.303 ,1980.78,16990.63,3781.88,668.91,52940.06,238.34,1.98,352801.605,98.3,99.11,2067.56,72.14,2682.835
2014-12-31,-3.347 ,-9.603 ,-0.281 ,0.024 ,4.517 ,-4.800 ,0.166 ,0.226 ,2.907 ,-0.010 ,-0.420 ,-26.277 ,18.706 ,1915.59,15434.89,3771.25,669.07,55386.35,227.17,1.99,353600.472,101.2,99.1,2058.9,55.47,3234.677
2015-01-30,1.742 ,11.501 ,0.842 ,-2.315 ,2.823 ,1.399 ,0.166 ,-0.358 ,-3.725 ,0.674 ,-3.153 ,-16.740 ,-0.755 ,1949.26,17316.18,3803.12,653.76,56972.4,230.37,1.99,352337.447,97.5,99.77,1994.99,46.92,3210.363
2015-02-27,1.857 ,5.659 ,10.843 ,17.494 ,-0.588 ,6.731 ,0.166 ,0.047 ,3.031 ,-0.060 ,5.344 ,28.736 ,3.066 ,1985.8,18324.39,4238.68,778.74,56638.49,246.41,1.99,352502.108,100.5,99.71,2104.5,62.54,3310.303
2015-03-31,2.743 ,-2.295 ,20.135 ,21.349 ,6.006 ,3.830 ,0.153 ,0.235 ,-1.807 ,0.010 ,-1.755 ,-16.006 ,12.416 ,2041.03,17908.64,5184.14,964.07,60144.49,256.03,1.83,353332.77,98.7,99.72,2067.89,53.29,3747.899
2015-04-30,4.134 ,32.219 ,1.222 ,10.377 ,-2.175 ,6.271 ,0.144 ,2.003 ,1.208 ,0.030 ,0.848 ,17.922 ,16.983 ,2127.17,24716.62,5247.88,1069.49,58850.61,272.6,1.73,360481.327,99.9,99.75,2085.51,63.75,4441.652
2015-05-29,-0.583 ,7.570 ,0.807 ,2.975 ,-7.586 ,1.749 ,0.145 ,0.451 ,-1.920 ,0.280 ,1.044 ,-1.406 ,3.758 ,2114.8,26660.27,5290.38,1101.79,54551.59,277.41,1.74,362109.803,98,100.03,2107.39,62.86,4611.742
2015-06-30,-1.938 ,3.562 ,-7.723 ,9.559 ,-2.951 ,-14.937 ,0.132 ,0.789 ,2.020 ,0.020 ,-2.124 ,-6.575 ,-7.530 ,2074.2,27626.9,4897.18,1212.31,52965.13,238.92,1.58,364976.561,100,100.05,2063.11,58.86,4277.219
2015-07-31,-2.146 ,-16.753 ,0.653 ,-8.744 ,-6.770 ,-1.124 ,0.123 ,-1.058 ,-1.005 ,0.180 ,1.955 ,-9.287 ,-15.482 ,2030.16,23365.42,4929.25,1110.81,49498.16,236.25,1.48,361136.634,99,100.23,2103.84,53.64,3663.726
2015-08-31,-4.466 ,1.632 ,-13.446 ,-18.335 ,-8.448 ,4.858 ,0.124 ,-0.829 ,2.592 ,0.140 ,-6.462 ,-10.053 ,-13.346 ,1941.49,23749.99,4309.09,924.72,45488.19,248.01,1.49,358156.216,101.6,100.37,1972.18,48.51,3205.985
2015-09-30,1.092 ,5.409 ,-2.768 ,-8.682 ,4.049 ,-0.867 ,0.123 ,0.073 ,1.466 ,-0.259 ,-2.680 ,-3.077 ,-4.897 ,1962.81,25070.01,4191.47,847.82,47367.86,245.87,1.48,358418.535,103.1,100.11,1920.03,47.04,3052.781
2015-10-30,3.340 ,-7.711 ,-5.506 ,13.298 ,19.052 ,-0.216 ,0.123 ,0.423 ,-1.761 ,0.000 ,7.972 ,2.020 ,10.258 ,2029.47,23209.51,3966.93,968.4,57309.27,245.34,1.48,359937.704,101.3,100.11,2079.36,48,3382.561
2015-11-30,-1.865 ,0.224 ,-8.139 ,-12.628 ,-6.629 ,0.868 ,0.124 ,-0.297 ,-0.892 ,-0.190 ,0.050 ,-10.814 ,1.841 ,1991.97,23261.48,3656.85,853.52,53633.45,247.48,1.49,358868.773,100.4,99.92,2080.41,43.08,3445.405
2015-12-31,-1.551 ,-0.425 ,4.851 ,-6.295 ,-0.305 ,17.768 ,0.123 ,-0.099 ,-0.499 ,0.300 ,-1.769 ,-13.632 ,2.685 ,1961.31,23162.92,3838.62,801.45,53470.37,295.6,1.47,358513.845,99.9,100.22,2043.94,37.59,3539.182
2016-01-29,-2.543 ,-1.773 ,-4.268 ,-8.759 ,-9.135 ,-11.712 ,0.124 ,-0.182 ,-1.208 ,0.169 ,-5.207 ,-13.967 ,-25.681 ,1912.06,22755.82,3678.23,734.24,48802.32,262.93,1.49,357860.408,98.7,100.39,1940.24,32.69,2737.6
2016-02-29,0.240 ,-4.936 ,7.556 ,-9.599 ,2.406 ,-3.522 ,0.124 ,-0.312 ,2.501 ,0.427 ,-0.414 ,9.839 ,-1.829 ,1916.66,21659.78,3966.93,667.04,49990.55,253.83,1.49,356745.942,101.2,100.82,1932.23,36.07,2687.979
2016-03-31,4.049 ,-13.167 ,1.072 ,6.968 ,10.773 ,1.467 ,0.124 ,1.137 ,0.000 ,-0.258 ,6.390 ,3.380 ,11.113 ,1995.85,18987.54,4009.7,715.18,55677.08,257.58,1.49,360825.491,101.2,100.56,2059.74,37.31,3003.915
2016-04-29,-0.085 ,7.975 ,8.923 ,1.255 ,-5.242 ,-1.254 ,0.123 ,0.725 ,-1.193 ,0.189 ,0.270 ,19.382 ,-2.208 ,1994.15,20563.74,4383.94,724.21,52833.82,254.37,1.48,363450.086,100,100.75,2065.3,45.29,2938.324
2016-05-31,-0.541 ,-1.431 ,-10.536 ,-12.526 ,3.706 ,-0.213 ,0.124 ,-0.475 ,3.150 ,0.060 ,1.521 ,7.792 ,-0.742 ,1983.4,20271.47,3945.54,638.95,54828.35,253.83,1.49,361728.534,103.2,100.81,2096.96,48.96,2916.616
2016-06-30,-0.660 ,-8.374 ,-1.644 ,1.093 ,9.870 ,3.115 ,0.108 ,-0.270 ,0.097 ,-0.020 ,0.091 ,-3.027 ,0.444 ,1970.35,18643.07,3881.21,645.97,60515.76,261.86,1.3,360752.001,103.3,100.79,2098.86,47.5,2929.606
2016-07-29,2.300 ,-7.920 ,6.454 ,15.504 ,7.696 ,3.615 ,0.103 ,0.414 ,-0.973 ,-0.189 ,3.499 ,-16.289 ,1.683 ,2016.19,17223.44,4139.96,754.3,65357.02,271.5,1.23,362248.177,102.3,100.6,2173.6,40.36,2979.339
2016-08-31,0.911 ,-9.464 ,-1.047 ,-10.654 ,5.129 ,5.189 ,0.103 ,1.114 ,-0.884 ,0.258 ,-0.122 ,13.536 ,3.501 ,2034.65,15668.11,4096.83,678.07,68796.81,285.96,1.23,366306.387,101.4,100.86,2170.95,46.21,3085.491
2016-09-30,0.440 ,6.387 ,-1.859 ,-0.593 ,-1.367 ,52.423 ,0.103 ,0.621 ,0.590 ,0.593 ,-0.124 ,5.125 ,-2.653 ,2043.63,16701.52,4021.37,674.06,67862.56,483.03,1.24,368589.918,102,101.46,2168.27,48.64,3004.703
2016-10-31,-1.749 ,-3.822 ,-1.078 ,1.329 ,2.533 ,-15.954 ,0.103 ,-0.686 ,-1.581 ,0.138 ,-1.962 ,-6.454 ,3.138 ,2008.19,16075.21,3978.24,683.08,69603.69,411.8,1.23,366069.533,100.4,101.6,2126.15,45.6,3100.49
2016-11-30,-1.238 ,1.738 ,-2.469 ,4.030 ,6.324 ,27.856 ,0.103 ,-0.968 ,4.385 ,-0.148 ,3.360 ,3.660 ,4.710 ,1983.48,16357.05,3881.21,711.17,74147.69,544.08,1.23,362543.891,104.9,101.45,2198.81,47.3,3250.03
2016-12-30,2.144 ,-6.379 ,6.973 ,3.161 ,4.683 ,-22.173 ,0.102 ,-0.233 ,-0.670 ,0.108 ,1.804 ,14.462 ,-4.609 ,2026.46,15346.19,4161.52,734.01,77702.88,435.88,1.22,361701.404,104.2,101.56,2238.83,54.66,3103.64
2017-01-31,2.008 ,-0.756 ,0.000 ,4.244 ,9.066 ,-2.877 ,0.103 ,0.792 ,2.371 ,1.058 ,1.773 ,1.164 ,1.773 ,2067.57,15230.57,4161.52,765.83,85076.44,423.52,1.24,364576.158,106.7,102.64,2278.87,55.3,3159.17
2017-02-28,1.157 ,3.991 ,0.000 ,1.239 ,-2.619 ,36.753 ,0.103 ,-0.034 ,-2.179 ,0.272 ,3.652 ,-5.272 ,2.580 ,2091.64,15850.72,4161.52,775.38,82877.31,611.63,1.23,364453.419,104.4,102.92,2363.64,52.46,3241.73
2017-03-31,3.227 ,-6.365 ,0.774 ,1.897 ,7.267 ,5.138 ,0.103 ,0.376 ,2.085 ,-0.068 ,-0.039 ,-0.554 ,-0.595 ,2160.23,14873.19,4193.86,790.23,89124.13,643.88,1.23,365826.297,106.6,102.85,2362.72,52.17,3222.51
2017-04-28,2.071 ,16.988 ,-0.774 ,10.320 ,7.974 ,-5.666 ,0.103 ,0.343 ,-2.085 ,-0.126 ,0.905 ,-3.929 ,-2.128 ,2205.44,17627.1,4161.52,876.14,96522.31,608.41,1.23,367083.534,104.4,102.72,2384.2,50.16,3154.66
2017-05-31,6.237 ,7.411 ,-0.519 ,7.126 ,0.179 ,1.228 ,0.103 ,0.501 ,0.763 ,0.107 ,1.151 ,-2.238 ,-1.195 ,2347.38,18983.03,4139.96,940.85,96695.38,615.93,1.23,368925.892,105.2,102.83,2411.8,49.05,3117.18
2017-06-30,1.874 ,-5.228 ,2.313 ,13.184 ,6.451 ,-12.237 ,0.103 ,0.568 ,-1.243 ,-0.214 ,0.480 ,-3.993 ,2.385 ,2391.79,18016.01,4236.82,1073.44,103139.2,544.99,1.24,371026.348,103.9,102.61,2423.41,47.13,3192.43
2017-07-31,0.456 ,-5.949 ,1.021 ,2.921 ,1.379 ,-3.718 ,0.103 ,0.782 ,0.671 ,0.166 ,1.916 ,10.198 ,2.493 ,2402.71,16975.41,4280.28,1105.26,104571.1,525.1,1.24,373938.12,104.6,102.78,2470.3,52.19,3273.03
2017-08-31,-1.658 ,-4.302 ,-3.618 ,-7.677 ,-3.979 ,7.776 ,0.103 ,0.276 ,0.382 ,0.572 ,0.055 ,2.460 ,2.647 ,2363.19,16260.66,4128.19,1023.58,100492.4,567.56,1.23,374970.93,105,103.37,2471.65,53.49,3360.81
2017-09-29,1.315 ,-13.325 ,-2.667 ,-9.221 ,10.445 ,6.241 ,0.104 ,-0.036 ,0.475 ,0.116 ,1.912 ,6.828 ,-0.354 ,2394.47,14232.02,4019.55,933.42,111557.1,604.11,1.25,374836.165,105.5,103.49,2519.36,57.27,3348.94
2017-10-31,5.246 ,7.707 ,-0.542 ,1.242 ,7.149 ,7.702 ,0.103 ,-0.038 ,0.284 ,-0.097 ,2.195 ,7.613 ,1.317 ,2523.43,15372.21,3997.82,945.09,119823.8,652.48,1.24,374692.523,105.8,103.39,2575.26,61.8,3393.34
2017-11-30,-1.883 ,-12.540 ,-0.272 ,5.778 ,-8.089 ,15.955 ,0.105 ,0.758 ,-0.189 ,-0.748 ,2.770 ,4.012 ,-2.270 ,2476.37,13560.45,3986.96,1001.31,110512.9,765.35,1.26,377544.543,105.6,102.62,2647.58,64.33,3317.19
2017-12-29,-0.359 ,11.030 ,-0.821 ,1.163 ,1.182 ,30.969 ,0.126 ,0.510 ,-1.816 ,0.360 ,0.978 ,4.186 ,-0.303 ,2467.49,15141.85,3954.37,1013.02,111826.7,1043.17,1.51,379476.576,103.7,102.99,2673.61,67.08,3307.17
2018-01-31,3.933 ,13.165 ,4.038 ,14.711 ,-2.102 ,-2.616 ,0.124 ,1.677 ,1.341 ,0.417 ,5.466 ,0.861 ,5.118 ,2566.46,17272.42,4117.32,1173.56,109500.6,1016.23,1.49,385895.553,105.1,103.42,2823.81,67.66,3480.83
2018-02-28,-5.572 ,2.476 ,-5.421 ,-8.154 ,-5.860 ,2.616 ,0.124 ,-0.245 ,1.417 ,0.761 ,-3.973 ,-1.384 ,-6.572 ,2427.36,17705.37,3900.05,1081.66,103268.6,1043.17,1.49,384951.294,106.6,104.21,2713.83,66.73,3259.41
2018-03-30,0.759 ,-1.295 ,0.000 ,-13.339 ,5.207 ,-16.471 ,0.124 ,0.506 ,-1.608 ,-0.106 ,-2.725 ,2.208 ,-2.816 ,2445.85,17477.5,3900.05,946.59,108788.1,884.75,1.49,386902.803,104.9,104.1,2640.87,68.22,3168.9
2018-04-30,2.803 ,5.455 ,3.826 ,-2.606 ,7.399 ,9.299 ,0.123 ,0.445 ,2.076 ,0.182 ,0.272 ,11.677 ,-2.773 ,2515.38,18457.34,4052.14,922.24,117142.8,970.97,1.47,388627.503,107.1,104.29,2648.05,76.67,3082.23
2018-05-31,-3.741 ,-2.310 ,16.064 ,-1.940 ,-4.437 ,11.420 ,0.125 ,0.165 ,0.373 ,0.048 ,2.138 ,0.104 ,0.429 ,2423.01,18035.78,4758.28,904.52,112059.2,1088.43,1.5,389269.623,107.5,104.34,2705.27,76.75,3095.47
2018-06-29,-4.080 ,-2.949 ,-10.071 ,-14.037 ,-7.572 ,4.832 ,0.124 ,0.273 ,0.186 ,-0.201 ,0.483 ,0.052 ,-8.353 ,2326.13,17511.68,4302.43,786.06,103887.6,1142.31,1.49,390334.499,107.7,104.13,2718.37,76.79,2847.42
2018-07-31,-1.336 ,-9.265 ,-3.627 ,-0.565 ,-0.861 ,-22.432 ,0.124 ,0.472 ,0.093 ,-0.183 ,3.539 ,-2.612 ,1.013 ,2295.26,15962.18,4149.16,781.63,102996.9,912.77,1.49,392182.545,107.8,103.94,2816.29,74.81,2876.4
2018-08-31,1.196 ,-3.708 ,2.347 ,11.495 ,4.647 ,-1.427 ,0.124 ,-0.329 ,1.199 ,0.872 ,2.981 ,2.911 ,-5.398 ,2322.88,15381.11,4247.69,876.85,107896.2,899.84,1.49,390894.325,109.1,104.85,2901.52,77.02,2725.25
2018-09-28,0.865 ,3.064 ,0.770 ,4.806 ,-3.473 ,-7.071 ,0.128 ,0.481 ,-2.412 ,0.760 ,0.429 ,7.742 ,3.466 ,2343.07,15859.64,4280.53,920.02,104213.2,838.41,1.53,392778.804,106.5,105.65,2913.98,83.22,2821.35
2018-10-31,-14.358 ,-1.739 ,-13.682 ,-4.554 ,-9.123 ,-24.819 ,0.126 ,-0.073 ,1.399 ,-0.180 ,-7.193 ,-10.413 ,-8.064 ,2029.69,15586.2,3733.15,879.06,95126.75,654.14,1.51,392490.527,108,105.46,2711.74,74.99,2602.78
2018-11-30,3.256 ,6.782 ,1.456 ,10.397 ,-1.306 ,-0.165 ,0.126 ,0.073 ,-1.964 ,-0.714 ,1.770 ,-26.453 ,-0.562 ,2096.86,16679.96,3787.89,975.38,93892.81,653.06,1.51,392777.742,105.9,104.71,2760.17,57.56,2588.19
2018-12-31,-2.698 ,-2.567 ,0.576 ,1.773 ,-6.904 ,-14.518 ,0.147 ,0.141 ,-1.331 ,-0.344 ,-9.627 ,-13.046 ,-3.711 ,2041.04,16257.31,3809.78,992.83,87629.19,564.81,1.76,393332.482,104.5,104.35,2506.85,50.52,2493.9
2019-01-31,7.720 ,2.469 ,11.394 ,6.884 ,17.606 ,27.850 ,0.146 ,0.461 ,0.477 ,-0.105 ,7.574 ,21.934 ,3.571 ,2204.85,16663.75,4269.58,1063.58,104498.4,746.2,1.75,395148.85,105,104.24,2704.1,62.91,2584.57
2019-02-28,-0.428 ,10.445 ,-8.004 ,0.218 ,-2.302 ,-4.922 ,0.147 ,-0.211 ,-2.507 ,0.431 ,2.930 ,2.465 ,12.917 ,2195.44,18498.5,3941.15,1065.9,102120.8,710.36,1.76,394316.487,102.4,104.69,2784.49,64.48,2940.95
2019-03-29,-2.526 ,10.593 ,-3.103 ,6.120 ,-0.217 ,27.033 ,0.147 ,0.115 ,1.454 ,-0.191 ,1.777 ,6.092 ,4.968 ,2140.67,20565.5,3820.73,1133.17,101899.9,930.85,1.76,394770.385,103.9,104.49,2834.4,68.53,3090.76
2019-04-30,2.897 ,-2.284 ,9.557 ,3.520 ,2.652 ,-8.140 ,0.146 ,-0.313 ,1.718 ,0.363 ,3.856 ,4.773 ,-0.403 ,2203.59,20101.01,4203.89,1173.77,104638.5,858.08,1.75,393536.122,105.7,104.87,2945.83,71.88,3078.34
2019-05-31,-7.629 ,-1.221 ,-1.047 ,-7.380 ,-7.587 ,-9.001 ,0.145 ,-0.520 ,-0.760 ,0.171 ,-6.804 ,-5.505 ,-6.013 ,2041.74,19857.15,4160.11,1090.26,96993.13,784.22,1.74,391495.228,104.9,105.05,2752.06,68.03,2898.7
2019-06-28,4.261 ,0.292 ,3.033 ,13.140 ,10.823 ,-2.952 ,0.147 ,0.212 ,0.286 ,-0.162 ,6.666 ,1.372 ,2.729 ,2130.62,19915.21,4288.24,1243.36,108079.6,761.41,1.76,392327.32,105.2,104.88,2941.76,68.97,2978.88
2019-07-31,-5.107 ,-16.785 ,-9.737 ,-5.562 ,-3.574 ,-9.889 ,0.136 ,-0.018 ,2.256 ,-0.306 ,1.304 ,-9.228 ,-1.569 ,2024.55,16837.94,3890.36,1176.09,104285.3,689.72,1.63,392258.292,107.6,104.56,2980.38,62.89,2932.51
2019-08-30,-2.844 ,-10.920 ,-2.882 ,-6.414 ,-3.022 ,9.745 ,0.126 ,-0.411 ,-1.310 ,0.239 ,-1.826 ,-2.822 ,-1.590 ,1967.79,15096.08,3779.84,1103.02,101180.9,760.32,1.51,390647.791,106.2,104.81,2926.46,61.14,2886.24
2019-09-30,4.727 ,6.334 ,0.873 ,6.019 ,11.594 ,10.949 ,0.127 ,0.478 ,1.681 ,0.371 ,1.704 ,1.219 ,0.654 ,2063.05,16083.13,3813,1171.45,113618.7,848.3,1.52,392518.896,108,105.2,2976.74,61.89,2905.19
2019-10-31,0.985 ,-1.089 ,-5.665 ,-11.310 ,2.715 ,12.275 ,0.114 ,0.753 ,-1.024 ,0.247 ,2.023 ,-4.664 ,0.818 ,2083.48,15908.95,3603,1046.18,116745.8,959.09,1.37,395485.316,106.9,105.46,3037.56,59.07,2929.06
2019-11-29,0.215 ,-1.842 ,-1.234 ,-5.938 ,-0.199 ,-2.059 ,0.107 ,0.300 ,0.467 ,-0.561 ,3.348 ,11.622 ,-1.968 ,2087.96,15618.64,3558.8,985.87,116514.2,939.54,1.28,396674.028,107.4,104.87,3140.98,66.35,2871.98
2019-12-31,5.121 ,5.932 ,-2.516 ,-6.441 ,11.001 ,4.740 ,0.107 ,0.303 ,3.567 ,0.238 ,2.819 ,3.873 ,6.018 ,2197.67,16573.11,3470.38,924.37,130064.1,985.15,1.28,397876.077,111.3,105.12,3230.78,68.97,3050.12
2020-01-31,-3.645 ,-12.136 ,-8.297 ,-3.491 ,1.070 ,12.136 ,0.106 ,0.218 ,-1.539 ,0.635 ,-0.163 ,-16.687 ,-2.442 ,2119.01,14679.04,3194.07,892.66,131462.7,1112.27,1.27,398743.181,109.6,105.79,3225.52,58.37,2976.53
2020-02-28,-6.432 ,-9.733 ,-3.880 ,-5.187 ,-3.979 ,-17.155 ,0.103 ,-0.107 ,-3.813 ,0.009 ,-8.786 ,-10.961 ,-3.286 ,1987.01,13317.68,3072.5,847.54,126334.7,936.93,1.24,398315.607,105.5,105.8,2954.22,52.31,2880.3
2020-03-31,-12.437 ,-28.030 ,-22.045 ,-20.531 ,-11.933 ,8.623 ,0.083 ,-2.284 ,4.811 ,-0.246 ,-13.367 ,-121.570 ,-4.618 ,1754.64,10062.24,2464.63,690.23,112123.8,1021.31,1,389322.542,110.7,105.54,2584.59,15.51,2750.3
2020-04-30,10.431 ,24.870 ,21.323 ,14.451 ,4.604 ,8.038 ,0.062 ,0.872 ,-6.822 ,-0.561 ,11.942 ,-4.483 ,3.914 ,1947.56,12903.35,3050.4,797.54,117407.1,1106.79,0.74,392733.03,103.4,104.95,2912.43,14.83,2860.08
2020-05-29,4.126 ,-5.178 ,1.439 ,0.458 ,1.390 ,15.979 ,0.058 ,0.757 ,-7.218 ,-0.229 ,4.429 ,81.817 ,-0.271 ,2029.6,12252.26,3094.6,801.2,119050.8,1298.56,0.7,395719.124,96.2,104.71,3044.31,33.61,2852.35
2020-06-30,3.806 ,-1.460 ,-2.899 ,-8.080 ,4.732 ,6.136 ,0.040 ,0.732 ,6.927 ,0.153 ,1.822 ,23.492 ,4.535 ,2108.33,12074.69,3006.19,739.01,124819.5,1380.74,0.48,398627.184,103.1,104.87,3100.29,42.51,2984.67
2020-07-31,6.475 ,-0.985 ,11.451 ,1.636 ,9.221 ,-5.715 ,0.040 ,1.397 ,0.000 ,-0.010 ,5.364 ,2.967 ,10.346 ,2249.37,11956.31,3370.91,751.2,136875.9,1304.04,0.48,404236.81,103.1,104.86,3271.12,43.79,3310.01
